{
  "id": "ana",
  "title": "AnA",
  "version": "1.0.0",
  "compatibility": {
    "minimum": "12",
    "verified": "12"
  },
  "relationships": {
    "systems": [
      {
        "id": "worldbuilding",
        "type": "system",
        "compatibility": {}
      }
    ]
  },
  "authors": [
    {
      "name": "Tom McCafferty",
      "discord": "mccaffertytp",
      "flags": {}
    }
  ],
  "packs": [
    {
      "name": "ana",
      "label": "AnA",
      "path": "packs/ana",
      "type": "Adventure",
      "ownership": {
        "PLAYER": "OBSERVER",
        "ASSISTANT": "OWNER"
      },
      "system": "worldbuilding",
      "flags": {}
    }
  ]
}