{
  "id": "ana",
  "title": "AnA",
  "description": "AnA",
  "version": "1.0.0",
  "compatibility": {
    "minimum": "10",
    "verified": "12"
  },
  "authors": [
    {
      "name": "mccaffertyt"
    }
  ],
  "packs": [
    {
      "name": "adventure",
      "label": "ana",
      "path": "/packs/ana.db",
      "entity": "Adventure",
      "type": "Adventure",
      "system": "Simple World-Building"
    }
  ],
  "url": "https://github.com/mccaffertyt/ana",
  "manifest": "https://raw.githubusercontent.com/mccaffertyt/ana/main/module.json",
  "download": "https://github.com/mccaffertyt/ana/raw/main/ana.zip",
  "manifestPlusVersion": "1.2.0"
}