{
  "id": "jail-break-adventure-pf2e",
  "title": "Jail Break Adventure PF2e",
  "description": "Jail Break Adventure for PF2e",
  "version": "1.0.0",
  "compatibility": {
    "minimum": "10",
    "verified": "12"
  },
  "authors": [
    {
      "name": "mccaffertyt"
    }
  ],
  "packs": [
    {
      "name": "adventure",
      "label": "jail-break-adventure-pf2e",
      "path": "/packs/jail-break-adventure-pf2e.db",
      "entity": "Adventure",
      "type": "Adventure",
      "system": "pf2e"
    }
  ],
  "url": "https://github.com/mccaffertyt/jail-break-adventure-pf2e",
  "manifest": "https://raw.githubusercontent.com/mccaffertyt/jail-break-adventure-pf2e/main/module.json",
  "download": "https://github.com/mccaffertyt/jail-break-adventure-pf2e/raw/main/jail-break-adventure-pf2e.zip",
  "manifestPlusVersion": "1.2.0"
}