{
  "id": "brave-heart",
  "title": "brave-heart",
  "description": "brave-heart",
  "version": "1.0.0",
  "compatibility": {
    "minimum": "10",
    "verified": "12"
  },
  "authors": [
    {
      "name": "mccaffertyt"
    }
  ],
  "packs": [
    {
      "name": "adventure",
      "label": "brave-heart",
      "path": "/packs/brave-heart.db",
      "entity": "Adventure",
      "type": "Adventure",
      "system": "worldbuilding"
    }
  ],
  "url": "https://github.com/mccaffertyt/brave-heart",
  "manifest": "https://raw.githubusercontent.com/mccaffertyt/brave-heart/main/module.json",
  "download": "https://github.com/mccaffertyt/brave-heart/raw/main/brave-heart.zip",
  "manifestPlusVersion": "1.2.0"
}