{
  "id": "brave-heart",
  "title": "Brave Heart",
  "version": "1.0.0",
  "compatibility": {
    "minimum": "12",
    "verified": "12"
  },
  "authors": [
    {
      "name": "Tom McCafferty",
      "discord": "mccaffertytp",
      "flags": {}
    }
  ],
  "packs": [
    {
      "name": "brave-heart",
      "label": "Brave Heart",
      "path": "packs/brave-heart",
      "type": "Adventure",
      "ownership": {
        "PLAYER": "OBSERVER",
        "ASSISTANT": "OWNER"
      },
      "system": "worldbuilding",
      "flags": {}
    }
  ]
}